{
  "rewrites": [
    { "source": "/((?!images/|assets/|favicon.ico|manifest.json|service-worker.js).*)", "destination": "/index.html" }
  ],
  "headers": [
    {
      "source": "/(.*)",
      "headers": [
        { "key": "Cache-Control", "value": "public, max-age=0, must-revalidate" },
        { "key": "X-Content-Type-Options", "value": "nosniff" }
      ]
    },
    {
      "source": "/assets/(.*)",
      "headers": [
         { "key": "Cache-Control", "value": "public, max-age=31536000, immutable" }
      ]
    }
  ]
}